{
  "v1": {
    "init_time": 0.4501676559448242,
    "gate_time": 79.10360503196716,
    "total_time": 79.55377268791199,
    "storage_gb": 0.0020602382719516754
  },
  "v2": {
    "init_time": 0.3276236057281494,
    "gate_time": 8.64798617362976,
    "total_time": 8.97560977935791,
    "storage_gb": 0.0020602382719516754
  }
}