{
  "v2": {
    "init_time": 0.19850921630859375,
    "gate_time": 4.89461874961853,
    "total_time": 5.093127965927124,
    "storage_gb": 0.0020602382719516754
  },
  "v3": {
    "init_time": 0.20099711418151855,
    "gate_time": 3.3485629558563232,
    "total_time": 3.549560070037842,
    "storage_gb": 0.0020602382719516754,
    "metrics": {
      "io_wait_time": 1.6594352722167969,
      "compute_time": 0.680894136428833,
      "write_time": 1.6426522731781006,
      "gate_count": 50,
      "total_gate_time": 3.3481924533843994,
      "io_compute_overlap": 0
    }
  }
}