{
  "v2": {
    "init_time": 0.1988523006439209,
    "gate_time": 4.995195388793945,
    "total_time": 5.194047689437866,
    "storage_gb": 0.0020602382719516754
  },
  "v3": {
    "init_time": 0.19967865943908691,
    "gate_time": 3.1804471015930176,
    "total_time": 3.3801257610321045,
    "storage_gb": 0.0020602382719516754,
    "metrics": {
      "io_wait_time": 1.7586567401885986,
      "compute_time": 0.6516838073730469,
      "write_time": 1.6335785388946533,
      "gate_count": 50,
      "total_gate_time": 3.180067300796509,
      "io_compute_overlap": 0
    }
  }
}