{
  "v2": {
    "init_time": 0.18804645538330078,
    "gate_time": 4.749253749847412,
    "total_time": 4.937300205230713,
    "storage_gb": 0.0020602382719516754
  },
  "v3": {
    "init_time": 0.1996920108795166,
    "gate_time": 3.413079023361206,
    "total_time": 3.6127710342407227,
    "storage_gb": 0.0020602382719516754,
    "metrics": {
      "io_wait_time": 1.0349829196929932,
      "compute_time": 0.7165532112121582,
      "write_time": 1.1551008224487305,
      "gate_count": 50,
      "total_gate_time": 3.4127047061920166,
      "io_compute_overlap": 0
    }
  }
}