{
  "v2": {
    "init_time": 0.28736209869384766,
    "gate_time": 7.102187871932983,
    "total_time": 7.389549970626831,
    "storage_gb": 0.0020602382719516754
  },
  "v3": {
    "init_time": 0.28723883628845215,
    "gate_time": 4.2397990226745605,
    "total_time": 4.527037858963013,
    "storage_gb": 0.0020602382719516754,
    "metrics": {
      "io_wait_time": 2.289757251739502,
      "compute_time": 0.754063606262207,
      "write_time": 1.8637847900390625,
      "gate_count": 50,
      "total_gate_time": 4.239285230636597,
      "io_compute_overlap": 0
    }
  }
}