{
  "v2": {
    "init_time": 0.20051980018615723,
    "gate_time": 4.877508878707886,
    "total_time": 5.078028678894043,
    "storage_gb": 0.0020602382719516754
  },
  "v3": {
    "init_time": 0.19962573051452637,
    "gate_time": 3.9021482467651367,
    "total_time": 4.101773977279663,
    "storage_gb": 0.0020602382719516754,
    "metrics": {
      "io_wait_time": 2.451381206512451,
      "compute_time": 0.6217176914215088,
      "write_time": 2.246920108795166,
      "gate_count": 50,
      "total_gate_time": 3.9017672538757324,
      "io_compute_overlap": 0
    }
  }
}