{
  "v2": {
    "init_time": 0.20438194274902344,
    "gate_time": 5.062972545623779,
    "total_time": 5.267354488372803,
    "storage_gb": 0.0020602382719516754
  },
  "v3": {
    "init_time": 0.21080780029296875,
    "gate_time": 3.336772918701172,
    "total_time": 3.5475807189941406,
    "storage_gb": 0.0020602382719516754,
    "metrics": {
      "io_wait_time": 1.2223341464996338,
      "compute_time": 0.7212843894958496,
      "write_time": 1.1603055000305176,
      "gate_count": 50,
      "total_gate_time": 3.3363864421844482,
      "io_compute_overlap": 0
    }
  }
}