{
  "v2": {
    "init_time": 0.20019817352294922,
    "gate_time": 5.040072679519653,
    "total_time": 5.2402708530426025,
    "storage_gb": 0.0020602382719516754
  },
  "v3": {
    "init_time": 0.20025134086608887,
    "gate_time": 3.0456807613372803,
    "total_time": 3.245932102203369,
    "storage_gb": 0.0020602382719516754,
    "metrics": {
      "io_wait_time": 2.085376024246216,
      "compute_time": 0.15104246139526367,
      "write_time": 1.6498353481292725,
      "gate_count": 50,
      "total_gate_time": 3.04531192779541,
      "io_compute_overlap": 0
    }
  }
}