{
  "v1": {
    "init_time": 0.28640103340148926,
    "gate_time": 153.5353229045868,
    "total_time": 153.82172393798828,
    "storage_gb": 0.0020602382719516754
  },
  "v2": {
    "init_time": 0.6010482311248779,
    "gate_time": 13.183611154556274,
    "total_time": 13.784659385681152,
    "storage_gb": 0.0020602382719516754
  },
  "v3": {
    "init_time": 0.28757357597351074,
    "gate_time": 4.273252248764038,
    "total_time": 4.560825824737549,
    "storage_gb": 0.0020602382719516754,
    "metrics": {
      "io_wait_time": 2.362611770629883,
      "compute_time": 0.7781233787536621,
      "write_time": 1.8445029258728027,
      "gate_count": 50,
      "total_gate_time": 4.272735357284546,
      "io_compute_overlap": 0
    }
  }
}