{
  "v2": {
    "init_time": 0.33888959884643555,
    "gate_time": 4.992129564285278,
    "total_time": 5.331019163131714,
    "storage_gb": 0.0020602382719516754
  },
  "v3": {
    "init_time": 0.2004406452178955,
    "gate_time": 3.1742517948150635,
    "total_time": 3.374692440032959,
    "storage_gb": 0.0020602382719516754,
    "metrics": {
      "io_wait_time": 1.2101333141326904,
      "compute_time": 0.6879870891571045,
      "write_time": 1.1163384914398193,
      "gate_count": 50,
      "total_gate_time": 3.173884630203247,
      "io_compute_overlap": 0
    }
  }
}