{
  "timestamp": "2026-01-13T23:22:27.959541",
  "device": "Jetson Orin Nano",
  "method": "LZ4 compressed 3-tier",
  "results": [
    {
      "qubits": 32,
      "init_time_s": 21.343700647354126,
      "gate_time_s": 163.18596839904785,
      "total_time_s": 184.52966904640198,
      "compression_ratio": 121.34540163272894,
      "storage_saved_gb": 31.73628996592015,
      "success": true
    },
    {
      "qubits": 33,
      "init_time_s": 42.417478799819946,
      "gate_time_s": 253.98329520225525,
      "total_time_s": 296.4007740020752,
      "compression_ratio": 121.34540441827384,
      "storage_saved_gb": 63.472579943947494,
      "success": true
    }
  ]
}